id;title;due_date;priority;completed
1;mobile Fish;2019-09-14T03:52:40;59865;true
2;Dam;2019-09-14T20:11:26;5808;false
3;seamless Metal deposit;2019-09-14T21:14:10;96990;true
4;Implementation Electronics Officer;2019-09-14T07:46:14;30424;true
5;Grocery Home;2019-09-14T09:59:44;61185;false
6;Gorgeous Frozen Pants;2019-09-14T17:00:13;45606;false
7;Savings Account syndicate Planner;2019-09-14T11:23:16;4645;true
8;Yuan Renminbi Centers;2019-09-14T22:16:18;94888;true
9;South Dakota envisioneer Music;2019-09-14T17:02:55;68423;false
10;Bahamian Dollar Investment Account;2019-09-14T02:35:37;3438;false
